<?xml version="1.0" encoding="UTF-8"?>
<project-private xmlns="http://www.netbeans.org/ns/project-private/1">
    <data xmlns="http://www.netbeans.org/ns/make-project-private/1">
        <activeConfTypeElem>1</activeConfTypeElem>
        <activeConfIndexElem>0</activeConfIndexElem>
    </data>
    <open-files xmlns="http://www.netbeans.org/ns/projectui-open-files/2">
        <group name="17C">
            <file>file:/C:/Users/Dell/Desktop/CHECKERS_CSC17B_48941/checkers/Checkers%20V.02%20-%20Arrays/main.cpp</file>
        </group>
    </open-files>
</project-private>
